id,first_name,last_name,email,gender,ip_address
1,Allen,Andrivot,aandrivot0@mtv.com,Male,138.162.66.69
2,Liuka,Labrenz,llabrenz1@nyu.edu,Female,92.237.104.237
3,Gratiana,Timmis,gtimmis2@hubpages.com,Female,117.150.9.68
4,Cecily,Hazeman,chazeman3@forbes.com,Female,5.14.254.130
5,Kat,Broz,kbroz4@mysql.com,Female,234.42.173.83
6,Dyana,Wick,dwick5@topsy.com,Female,103.132.169.109
7,Junia,Croix,jcroix6@wired.com,Female,173.84.15.80
8,Winnie,Brogan,wbrogan7@studiopress.com,Female,6.245.27.74
9,Dena,Kusick,dkusick8@state.gov,Female,237.83.241.42
10,Milo,Verlinden,mverlinden9@flavors.me,Male,201.194.229.15
11,Jackson,Stappard,jstapparda@ucsd.edu,Male,195.35.206.78
12,Estell,Silver,esilverb@amazon.de,Female,28.206.173.251
13,Kacey,Cobbledick,kcobbledickc@mozilla.org,Female,58.10.81.190
14,Graham,Ping,gpingd@bbb.org,Male,250.231.221.38
15,Harwell,Bril,hbrile@msu.edu,Male,20.185.108.128
16,Tyrus,Bergin,tberginf@odnoklassniki.ru,Male,102.108.77.108
17,May,Argontt,margonttg@merriam-webster.com,Female,205.203.100.178
18,Rosanne,Farquhar,rfarquharh@globo.com,Female,22.4.243.230
19,Margery,Brik,mbriki@cdc.gov,Female,104.137.130.199
20,Kelvin,Milroy,kmilroyj@businessinsider.com,Male,255.106.79.180
21,Amabel,Bello,abellok@ycombinator.com,Female,196.191.235.175
22,Murdoch,Allom,malloml@istockphoto.com,Male,230.96.163.24
23,Pierrette,Gosden,pgosdenm@ustream.tv,Female,136.165.200.199
24,Gill,Gillebert,ggillebertn@psu.edu,Male,97.183.139.146
25,Virgina,MacAvddy,vmacavddyo@imdb.com,Female,190.184.148.138
26,Corey,Doogood,cdoogoodp@hhs.gov,Male,88.231.173.184
27,Monti,Aldrich,maldrichq@msu.edu,Male,211.230.169.115
28,Nancie,Sandell,nsandellr@accuweather.com,Female,219.41.121.109
29,Aristotle,Stiggers,astiggerss@so-net.ne.jp,Male,198.3.41.96
30,Regan,Rubery,rruberyt@nifty.com,Female,191.179.110.173
31,Elena,Moulding,emouldingu@jalbum.net,Female,144.70.235.52
32,Celene,Allanson,callansonv@elegantthemes.com,Female,174.252.3.198
33,Dur,Romaint,dromaintw@lulu.com,Male,90.84.204.167
34,Tildie,Connow,tconnowx@amazon.co.uk,Female,15.191.39.185
35,Stevana,Walkden,swalkdeny@google.de,Female,201.190.244.70
36,Puff,Scones,psconesz@vinaora.com,Male,156.35.229.17
37,Chaddie,Flewin,cflewin10@webeden.co.uk,Male,244.30.114.125
38,Antone,Bentje,abentje11@epa.gov,Male,232.70.157.22
39,Catriona,Viveash,cviveash12@engadget.com,Female,58.111.155.226
40,Hymie,Baudinet,hbaudinet13@flavors.me,Male,250.62.22.241
41,Zacharias,Weed,zweed14@unblog.fr,Male,119.86.44.25
42,Brigham,MacPaden,bmacpaden15@hp.com,Male,148.231.238.198
43,Lesley,Radcliffe,lradcliffe16@addtoany.com,Male,218.240.14.6
44,Annabelle,Geaveny,ageaveny17@tripadvisor.com,Female,29.189.28.158
45,Arluene,Jenken,ajenken18@tiny.cc,Female,146.154.244.86
46,Doloritas,Sirr,dsirr19@engadget.com,Female,135.44.220.209
47,Fania,Cantwell,fcantwell1a@parallels.com,Female,119.18.217.175
48,Othella,Torrejon,otorrejon1b@state.gov,Female,252.85.101.178
49,Belvia,Linkie,blinkie1c@istockphoto.com,Female,21.171.218.171
50,Kirk,Petken,kpetken1d@ifeng.com,Male,179.239.172.92
51,Bastien,Tarte,btarte1e@goo.ne.jp,Male,206.159.176.75
52,Jacques,Scobie,jscobie1f@smugmug.com,Male,61.174.30.155
53,Frasier,Wedgbrow,fwedgbrow1g@npr.org,Male,213.153.26.247
54,Kean,Smalcombe,ksmalcombe1h@adobe.com,Male,186.169.28.233
55,Camile,Brigdale,cbrigdale1i@soundcloud.com,Female,255.214.134.176
56,Cordi,Hague,chague1j@toplist.cz,Female,9.6.228.70
57,Jamill,Abdee,jabdee1k@intel.com,Male,153.119.91.225
58,Kimbra,Boase,kboase1l@upenn.edu,Female,154.69.213.147
59,Fidel,Meredith,fmeredith1m@bloglines.com,Male,42.115.145.67
60,Loralyn,Longworthy,llongworthy1n@nature.com,Female,156.3.52.249
61,Modesty,Blant,mblant1o@microsoft.com,Female,155.39.137.246
62,Janine,Spriggin,jspriggin1p@arstechnica.com,Female,252.29.179.164
63,Calla,Greenhalgh,cgreenhalgh1q@taobao.com,Female,74.72.10.92
64,Daffie,Dadswell,ddadswell1r@china.com.cn,Female,254.216.67.34
65,Lem,Chipman,lchipman1s@privacy.gov.au,Male,93.93.54.209
66,Linnie,Massy,lmassy1t@google.de,Female,125.224.149.233
67,Horst,O'Luby,holuby1u@technorati.com,Male,250.37.197.139
68,Nelia,Barthot,nbarthot1v@fastcompany.com,Female,45.87.83.93
69,Gabriella,Plowman,gplowman1w@ucsd.edu,Female,222.211.180.243
70,Adamo,Giacopetti,agiacopetti1x@hhs.gov,Male,219.49.135.222
71,Mortimer,MacMakin,mmacmakin1y@jimdo.com,Male,210.88.97.130
72,Kordula,Akast,kakast1z@ebay.com,Female,180.38.20.167
73,Crichton,Daye,cdaye20@omniture.com,Male,173.103.217.199
74,Mame,Sandercock,msandercock21@slashdot.org,Female,9.137.185.47
75,Terrence,Lupson,tlupson22@plala.or.jp,Male,121.190.20.159
76,Lulu,Nannini,lnannini23@ocn.ne.jp,Female,83.165.79.244
77,Rustin,Benditt,rbenditt24@aol.com,Male,223.97.231.99
78,Riki,Lammers,rlammers25@example.com,Female,134.125.156.206
79,Jenica,Harriskine,jharriskine26@infoseek.co.jp,Female,216.214.197.62
80,Ulla,Wattingham,uwattingham27@oracle.com,Female,169.217.59.137
81,Caprice,Spriggen,cspriggen28@yahoo.co.jp,Female,29.210.235.253
82,Kele,Goor,kgoor29@ustream.tv,Male,143.241.93.245
83,Verene,Ruberry,vruberry2a@va.gov,Female,217.129.48.163
84,Mellicent,Burgoine,mburgoine2b@walmart.com,Female,22.119.225.198
85,Silva,Rosario,srosario2c@vinaora.com,Female,148.153.232.217
86,Emmerich,Mantripp,emantripp2d@columbia.edu,Male,184.21.167.113
87,Barnebas,Lembke,blembke2e@ucsd.edu,Male,6.100.243.53
88,Erhart,Barrick,ebarrick2f@furl.net,Male,194.231.52.190
89,Delcine,Fishly,dfishly2g@google.co.uk,Female,126.62.244.25
90,Nanni,Hanwell,nhanwell2h@nasa.gov,Female,14.84.15.200
91,Kile,Di Maria,kdimaria2i@adobe.com,Male,177.205.230.163
92,Byran,Barbrook,bbarbrook2j@usda.gov,Male,58.24.50.224
93,Donny,Pyle,dpyle2k@time.com,Female,202.163.57.131
94,Stanfield,Stiggles,sstiggles2l@ucoz.ru,Male,18.111.205.221
95,Bret,MacCaig,bmaccaig2m@pcworld.com,Male,246.106.28.119
96,Sunny,Ellerman,sellerman2n@redcross.org,Male,252.121.28.76
97,Erinna,Yoxen,eyoxen2o@webeden.co.uk,Female,114.62.137.249
98,Davita,Pennazzi,dpennazzi2p@un.org,Female,202.203.171.194
99,Tammara,Francillo,tfrancillo2q@wikispaces.com,Female,0.225.92.22
100,Martguerita,Twitchings,mtwitchings2r@sciencedirect.com,Female,186.123.218.219
101,Virgilio,Hindmore,vhindmore2s@devhub.com,Male,178.222.243.240
102,Jamil,Mesnard,jmesnard2t@vk.com,Male,116.166.92.237
103,Dietrich,Pittem,dpittem2u@ebay.com,Male,134.83.128.123
104,Van,Andreichik,vandreichik2v@reverbnation.com,Male,189.223.56.217
105,Vinson,Skerm,vskerm2w@cmu.edu,Male,84.190.234.163
106,Minetta,Warne,mwarne2x@unblog.fr,Female,188.120.233.55
107,Linn,Fannin,lfannin2y@elpais.com,Male,218.137.197.99
108,Horatia,Kloser,hkloser2z@ezinearticles.com,Female,246.78.67.250
109,Rowan,Bernhart,rbernhart30@deliciousdays.com,Male,236.34.129.21
110,Keslie,O'Mahoney,komahoney31@wikimedia.org,Female,163.24.130.81
111,Bobbie,Lowater,blowater32@businesswire.com,Female,105.197.40.225
112,Lindon,Wickens,lwickens33@cbslocal.com,Male,40.198.64.0
113,Lesli,Walden,lwalden34@people.com.cn,Female,49.20.130.160
114,Kellsie,Wandrey,kwandrey35@oakley.com,Female,31.69.160.218
115,Caterina,Trorey,ctrorey36@bloglovin.com,Female,38.108.45.231
116,Roz,Blouet,rblouet37@usnews.com,Female,164.17.115.153
117,Christoph,Falconar,cfalconar38@scientificamerican.com,Male,109.236.1.186
118,Tiebout,Choak,tchoak39@businesswire.com,Male,216.137.44.185
119,Arlin,Juliano,ajuliano3a@shareasale.com,Male,66.202.142.84
120,Hillery,Wyllt,hwyllt3b@domainmarket.com,Male,250.14.181.65
121,Sapphire,Lewcock,slewcock3c@google.co.jp,Female,147.113.83.1
122,Justin,Pyrton,jpyrton3d@adobe.com,Male,88.81.81.94
123,Kay,Coffey,kcoffey3e@cocolog-nifty.com,Female,186.145.144.102
124,Noelani,McNaughton,nmcnaughton3f@blinklist.com,Female,205.253.219.90
125,Arnold,Golland,agolland3g@tripod.com,Male,191.253.223.182
126,Heda,Chorlton,hchorlton3h@techcrunch.com,Female,196.173.210.217
127,Clarette,Clemes,cclemes3i@so-net.ne.jp,Female,51.17.104.211
128,Cammy,Glasby,cglasby3j@cam.ac.uk,Female,73.47.183.137
129,Elias,Leggott,eleggott3k@sitemeter.com,Male,170.127.30.137
130,Humberto,Matchett,hmatchett3l@w3.org,Male,117.133.86.27
131,Clemens,Ovendon,covendon3m@cisco.com,Male,184.135.16.68
132,Tomi,Gooddy,tgooddy3n@oaic.gov.au,Female,87.47.158.9
133,Clem,Rickerby,crickerby3o@forbes.com,Female,116.174.241.127
134,Alexandrina,Gemnett,agemnett3p@bandcamp.com,Female,186.150.48.245
135,Roarke,Arnaudon,rarnaudon3q@wix.com,Male,231.101.188.173
136,Elizabet,Bertram,ebertram3r@vistaprint.com,Female,131.60.38.244
137,Michel,Huburn,mhuburn3s@hubpages.com,Male,159.212.74.82
138,Smith,Althorpe,salthorpe3t@myspace.com,Male,103.4.146.40
139,Shaine,Batchan,sbatchan3u@ameblo.jp,Male,102.193.159.79
140,Tammy,Fransoni,tfransoni3v@indiatimes.com,Male,159.29.139.173
141,Chen,Birtwhistle,cbirtwhistle3w@imdb.com,Male,195.138.212.80
142,Elizabeth,Mailes,emailes3x@wiley.com,Female,35.145.249.243
143,Brook,Strettle,bstrettle3y@quantcast.com,Male,253.79.66.167
144,Julee,Swayte,jswayte3z@github.com,Female,222.184.119.162
145,Johna,Else,jelse40@woothemes.com,Female,242.82.245.213
146,Aidan,Pettegre,apettegre41@uol.com.br,Female,55.22.230.246
147,Martin,Clemow,mclemow42@ezinearticles.com,Male,171.253.90.63
148,Sebastien,Folan,sfolan43@163.com,Male,54.135.9.60
149,Timothee,Cassie,tcassie44@purevolume.com,Male,80.162.185.48
150,Dehlia,Vinten,dvinten45@imageshack.us,Female,53.87.162.240
151,Alys,Tustin,atustin46@addtoany.com,Female,38.246.143.121
152,Cherilynn,Wingar,cwingar47@joomla.org,Female,131.150.68.67
153,Elna,Sergent,esergent48@disqus.com,Female,223.213.170.41
154,Tildie,Levens,tlevens49@elpais.com,Female,254.239.234.154
155,Cookie,Lacroux,clacroux4a@samsung.com,Female,201.47.216.142
156,Marleen,Egger,megger4b@google.es,Female,231.103.124.157
157,Arlin,Petrasso,apetrasso4c@dion.ne.jp,Male,62.52.183.147
158,Nico,Evitts,nevitts4d@mapy.cz,Male,137.242.41.51
159,Shina,McWhin,smcwhin4e@yahoo.com,Female,209.58.30.189
160,Ferrel,Karys,fkarys4f@issuu.com,Male,243.25.29.11
161,Diannne,Bumphries,dbumphries4g@independent.co.uk,Female,53.46.151.108
162,Ebenezer,Bygrove,ebygrove4h@apple.com,Male,162.219.2.127
163,Veronique,Botham,vbotham4i@jalbum.net,Female,164.3.4.98
164,Willi,Molder,wmolder4j@yandex.ru,Female,3.188.181.172
165,Angelle,Kunrad,akunrad4k@constantcontact.com,Female,51.75.115.67
166,Bill,Linskill,blinskill4l@mail.ru,Male,62.84.150.133
167,Ricca,Wedderburn,rwedderburn4m@prlog.org,Female,46.249.223.189
168,Frans,Silver,fsilver4n@privacy.gov.au,Male,250.116.51.151
169,Lorita,Petchey,lpetchey4o@google.com,Female,163.141.134.170
170,Brianna,Hatzar,bhatzar4p@rambler.ru,Female,147.146.210.154
171,Ophelia,MacAlister,omacalister4q@boston.com,Female,179.244.89.74
172,Franzen,Aslet,faslet4r@ustream.tv,Male,223.231.141.66
173,Aguistin,Josovich,ajosovich4s@cam.ac.uk,Male,149.11.53.217
174,Mal,Leahey,mleahey4t@mapy.cz,Male,156.117.214.38
175,Winny,Lowbridge,wlowbridge4u@unc.edu,Male,86.174.25.120
176,Kariotta,Daout,kdaout4v@theglobeandmail.com,Female,195.227.189.187
177,Reiko,Poynter,rpoynter4w@webmd.com,Female,121.187.93.128
178,Faunie,LaBastida,flabastida4x@buzzfeed.com,Female,153.148.254.14
179,Madelle,Elward,melward4y@macromedia.com,Female,194.212.89.117
180,Carlotta,Durber,cdurber4z@yahoo.com,Female,134.73.221.115
181,Lanni,Kohen,lkohen50@purevolume.com,Female,129.151.74.71
182,Court,Windrus,cwindrus51@answers.com,Male,36.186.233.77
183,Gaylene,Milsom,gmilsom52@sciencedaily.com,Female,129.64.129.165
184,Jacynth,Playle,jplayle53@a8.net,Female,201.248.186.66
185,Maxwell,Tirte,mtirte54@elpais.com,Male,62.186.15.189
186,Carine,Pearle,cpearle55@istockphoto.com,Female,162.241.112.147
187,Giorgia,Warsap,gwarsap56@imageshack.us,Female,255.237.252.149
188,Kiersten,Siddon,ksiddon57@cdbaby.com,Female,97.153.46.246
189,Vlad,MacCarlich,vmaccarlich58@prlog.org,Male,136.199.251.201
190,Reinaldo,Elsie,relsie59@mozilla.com,Male,229.48.22.167
191,Vivie,Mann,vmann5a@ed.gov,Female,151.78.86.116
192,Caddric,Abdee,cabdee5b@reference.com,Male,248.183.62.187
193,Moss,Salsberg,msalsberg5c@webs.com,Male,240.93.216.193
194,Hailee,Everest,heverest5d@cloudflare.com,Female,81.102.238.219
195,Kahaleel,Keelinge,kkeelinge5e@miitbeian.gov.cn,Male,200.150.137.187
196,Fidel,Defond,fdefond5f@youku.com,Male,234.223.214.53
197,Abbe,Chastel,achastel5g@mapquest.com,Female,241.130.48.198
198,Cyndia,Palphreyman,cpalphreyman5h@rakuten.co.jp,Female,70.52.196.166
199,Harriot,Thamelt,hthamelt5i@senate.gov,Female,47.157.49.116
200,Lionello,Limbourne,llimbourne5j@yellowpages.com,Male,102.122.37.203
201,Juanita,Dahlbom,jdahlbom5k@walmart.com,Female,188.4.147.173
202,Barron,Keming,bkeming5l@newyorker.com,Male,51.169.245.188
203,Tonye,Al Hirsi,talhirsi5m@marriott.com,Female,64.120.200.246
204,Gelya,Beek,gbeek5n@springer.com,Female,189.51.165.75
205,Marget,Jeves,mjeves5o@answers.com,Female,7.235.210.179
206,Fae,Kike,fkike5p@washington.edu,Female,164.155.46.141
207,Loy,Pagel,lpagel5q@patch.com,Male,33.225.187.144
208,Miquela,Cocks,mcocks5r@tamu.edu,Female,40.12.219.107
209,Penny,Covet,pcovet5s@tamu.edu,Male,234.151.68.225
210,Casi,Ewens,cewens5t@adobe.com,Female,237.191.81.249
211,Quincey,Boules,qboules5u@plala.or.jp,Male,253.250.216.40
212,Deina,Dockwra,ddockwra5v@google.co.uk,Female,206.205.193.243
213,Ramonda,Ales,rales5w@oakley.com,Female,87.40.51.122
214,Archaimbaud,Saffon,asaffon5x@ocn.ne.jp,Male,114.2.243.249
215,Malissia,Ternent,mternent5y@eepurl.com,Female,150.75.126.239
216,Emelda,Guymer,eguymer5z@indiatimes.com,Female,107.123.121.37
217,Shel,Spillane,sspillane60@sakura.ne.jp,Female,97.163.48.0
218,Brinn,Keysall,bkeysall61@hostgator.com,Female,160.68.241.212
219,Samara,Gregoriou,sgregoriou62@oracle.com,Female,144.70.167.161
220,Edwina,Legendre,elegendre63@mlb.com,Female,119.19.120.64
221,Iggy,Happer,ihapper64@spiegel.de,Male,86.195.34.237
222,Honey,Woodson,hwoodson65@java.com,Female,89.74.244.202
223,Alane,Newiss,anewiss66@blogtalkradio.com,Female,143.12.32.187
224,Erika,Nestoruk,enestoruk67@msu.edu,Female,51.95.41.40
225,Constantine,Bruntje,cbruntje68@jimdo.com,Male,50.208.247.33
226,Norah,Coggen,ncoggen69@marketwatch.com,Female,130.153.26.12
227,Beck,Franseco,bfranseco6a@nymag.com,Male,155.150.104.99
228,Jermayne,Surpliss,jsurpliss6b@list-manage.com,Male,176.185.125.23
229,Rockey,Orht,rorht6c@51.la,Male,113.64.135.139
230,Erich,Moloney,emoloney6d@clickbank.net,Male,198.169.194.218
231,Gavin,Beames,gbeames6e@bing.com,Male,155.5.15.99
232,Hendrika,Clabburn,hclabburn6f@techcrunch.com,Female,239.135.252.54
233,Maria,Berzon,mberzon6g@addthis.com,Female,151.54.203.74
234,Reeva,Boots,rboots6h@over-blog.com,Female,177.34.4.61
235,Mimi,Liquorish,mliquorish6i@ft.com,Female,141.128.34.40
236,Roarke,Stearnes,rstearnes6j@tinyurl.com,Male,16.186.247.47
237,Aura,Becks,abecks6k@altervista.org,Female,127.54.19.110
238,Orion,O'Bruen,oobruen6l@opensource.org,Male,231.89.107.160
239,Jodie,Hastings,jhastings6m@sakura.ne.jp,Female,194.144.238.47
240,Mickie,Baggett,mbaggett6n@xing.com,Male,86.232.39.131
241,Millard,Rosthorn,mrosthorn6o@comcast.net,Male,4.143.211.95
242,Franni,Daid,fdaid6p@ask.com,Female,47.134.150.49
243,Benedikta,Pipworth,bpipworth6q@nih.gov,Female,84.83.159.190
244,Dore,Coulsen,dcoulsen6r@google.com.hk,Male,155.153.10.67
245,Frayda,Pavis,fpavis6s@t-online.de,Female,248.53.173.174
246,Zarah,Geach,zgeach6t@jimdo.com,Female,165.178.187.252
247,Fabien,Thorlby,fthorlby6u@hhs.gov,Male,223.183.106.227
248,Hobie,Alejandro,halejandro6v@geocities.com,Male,143.88.28.146
249,Joel,Pardue,jpardue6w@nyu.edu,Male,99.157.200.47
250,Bethina,Hughland,bhughland6x@cnet.com,Female,255.239.216.35
251,Letty,Drover,ldrover6y@cdbaby.com,Female,202.227.213.43
252,Cale,Ruse,cruse6z@statcounter.com,Male,19.211.202.197
253,Devin,Brannigan,dbrannigan70@mlb.com,Female,246.134.58.201
254,Dolph,Percifer,dpercifer71@gizmodo.com,Male,108.199.217.209
255,Lesly,Cleverly,lcleverly72@twitpic.com,Female,26.224.107.79
256,Alic,Warnock,awarnock73@salon.com,Male,114.114.127.94
257,Joey,Rosenau,jrosenau74@delicious.com,Male,245.40.97.191
258,Robin,Vynoll,rvynoll75@sun.com,Male,65.163.185.154
259,Venus,Croxton,vcroxton76@tamu.edu,Female,228.115.159.63
260,Maddalena,Virr,mvirr77@weather.com,Female,50.55.81.93
261,Florance,Finnis,ffinnis78@hibu.com,Female,222.103.63.91
262,Cheryl,Lace,clace79@toplist.cz,Female,113.55.66.47
263,Winny,Butler-Bowdon,wbutlerbowdon7a@deliciousdays.com,Male,165.11.36.95
264,Kelcie,Lackemann,klackemann7b@vkontakte.ru,Female,102.104.52.189
265,Fletcher,Poundsford,fpoundsford7c@hao123.com,Male,220.63.199.204
266,Michele,Tomes,mtomes7d@samsung.com,Female,103.165.244.111
267,Bree,Ghilardini,bghilardini7e@foxnews.com,Female,4.111.104.164
268,Cyrillus,Burghill,cburghill7f@xing.com,Male,194.216.167.38
269,Imojean,Apthorpe,iapthorpe7g@usda.gov,Female,4.47.118.250
270,Gerald,Bretherton,gbretherton7h@theguardian.com,Male,206.78.12.79
271,Balduin,Vedeniktov,bvedeniktov7i@pinterest.com,Male,219.107.228.148
272,Clare,Burrell,cburrell7j@ox.ac.uk,Female,170.247.100.231
273,Arin,Firmager,afirmager7k@ibm.com,Male,87.233.6.218
274,Archibald,Broadstock,abroadstock7l@wired.com,Male,67.42.166.248
275,Nicoline,Duigenan,nduigenan7m@guardian.co.uk,Female,105.246.131.152
276,Kristofer,Andrichuk,kandrichuk7n@yandex.ru,Male,63.14.176.122
277,Frasier,Leggen,fleggen7o@php.net,Male,48.67.185.60
278,Lezlie,Traite,ltraite7p@cdc.gov,Female,144.176.208.146
279,Conrado,Coll,ccoll7q@nydailynews.com,Male,112.75.226.88
280,Mateo,Currington,mcurrington7r@ucoz.ru,Male,40.41.15.58
281,William,Olenchikov,wolenchikov7s@1und1.de,Male,29.145.21.255
282,Duky,Maccaddie,dmaccaddie7t@eventbrite.com,Male,44.236.37.122
283,Leonerd,Whates,lwhates7u@xing.com,Male,20.18.184.164
284,Mace,Greatorex,mgreatorex7v@360.cn,Male,129.97.104.123
285,Kylila,Pigot,kpigot7w@gnu.org,Female,158.179.18.89
286,Gloriana,Pettitt,gpettitt7x@wordpress.com,Female,246.154.149.237
287,Wittie,Pigrome,wpigrome7y@ftc.gov,Male,243.235.239.180
288,Oliver,Danilovic,odanilovic7z@bbb.org,Male,201.124.152.119
289,Trista,Marjoribanks,tmarjoribanks80@epa.gov,Female,136.114.13.57
290,Sherilyn,Weeden,sweeden81@sciencedirect.com,Female,95.30.55.89
291,Daphene,Navan,dnavan82@jimdo.com,Female,121.189.211.142
292,Trudie,Renhard,trenhard83@cnet.com,Female,146.101.123.42
293,Cherey,Clutton,cclutton84@princeton.edu,Female,130.187.231.33
294,Eveline,Gloucester,egloucester85@google.ca,Female,30.96.159.28
295,Lyndsay,Clemitt,lclemitt86@cnn.com,Female,187.253.51.156
296,Tiena,Crannach,tcrannach87@theguardian.com,Female,14.108.77.43
297,Carlynne,Conaghy,cconaghy88@marriott.com,Female,243.208.28.48
298,Kermie,Baton,kbaton89@paginegialle.it,Male,118.25.63.230
299,Kassie,Heaysman,kheaysman8a@plala.or.jp,Female,63.207.43.218
300,Justin,Hammand,jhammand8b@apache.org,Male,181.144.180.24
301,Johanna,Walkingshaw,jwalkingshaw8c@newsvine.com,Female,99.217.154.207
302,Darnall,Scambler,dscambler8d@biblegateway.com,Male,162.93.232.118
303,Robert,Chessill,rchessill8e@google.cn,Male,114.30.44.135
304,Maryl,Murgatroyd,mmurgatroyd8f@economist.com,Female,83.73.66.78
305,Che,Richmond,crichmond8g@patch.com,Male,250.197.191.195
306,Harman,Armitage,harmitage8h@cam.ac.uk,Male,124.242.101.85
307,Milena,Oakley,moakley8i@hubpages.com,Female,232.107.21.7
308,Atlanta,Castilljo,acastilljo8j@wikispaces.com,Female,125.95.160.191
309,Davidde,Grisedale,dgrisedale8k@technorati.com,Male,158.176.115.211
310,Bee,Ygoe,bygoe8l@instagram.com,Female,7.63.223.141
311,Shaina,Kearsley,skearsley8m@whitehouse.gov,Female,198.63.83.112
312,Elissa,Rousell,erousell8n@squidoo.com,Female,162.22.12.27
313,Brinna,Gelletly,bgelletly8o@mozilla.org,Female,143.16.132.206
314,Galven,Teare,gteare8p@phoca.cz,Male,16.221.83.165
315,Jean,Beldan,jbeldan8q@nytimes.com,Male,218.60.46.165
316,Truman,Adran,tadran8r@harvard.edu,Male,28.171.115.134
317,Davine,Brehault,dbrehault8s@arstechnica.com,Female,14.63.231.111
318,Bren,McCroary,bmccroary8t@prlog.org,Female,14.6.227.208
319,Hadria,Leale,hleale8u@360.cn,Female,101.217.160.146
320,Ileane,Chatainier,ichatainier8v@examiner.com,Female,250.219.206.29
321,Lesli,Tunnicliff,ltunnicliff8w@china.com.cn,Female,228.124.90.44
322,Roscoe,Batthew,rbatthew8x@pagesperso-orange.fr,Male,145.178.153.222
323,Alvy,Chatan,achatan8y@ucoz.ru,Male,149.69.202.57
324,Silvan,Lorand,slorand8z@ameblo.jp,Male,44.108.4.35
325,Don,McVaugh,dmcvaugh90@facebook.com,Male,46.234.140.87
326,Son,Hugett,shugett91@oracle.com,Male,111.152.2.93
327,Franklin,Maskrey,fmaskrey92@blogs.com,Male,112.96.20.30
328,Riordan,Toe,rtoe93@cbsnews.com,Male,180.200.77.150
329,Ida,Pelz,ipelz94@census.gov,Female,45.97.158.248
330,Jonis,Lydiatt,jlydiatt95@narod.ru,Female,178.45.85.125
331,Lilah,Oldridge,loldridge96@dedecms.com,Female,181.146.221.88
332,Nevil,Trillo,ntrillo97@friendfeed.com,Male,135.251.238.199
333,Stirling,Scones,sscones98@si.edu,Male,105.172.202.131
334,Zach,Bagott,zbagott99@feedburner.com,Male,196.24.226.140
335,Xerxes,Alesbrook,xalesbrook9a@hhs.gov,Male,208.60.6.188
336,Sylvia,Pennetta,spennetta9b@wikia.com,Female,101.163.31.244
337,Naomi,Kuhnert,nkuhnert9c@twitter.com,Female,41.111.251.65
338,Jone,McArley,jmcarley9d@paypal.com,Male,235.26.93.26
339,Melva,Piwell,mpiwell9e@sciencedaily.com,Female,213.68.249.19
340,Levey,de Najera,ldenajera9f@booking.com,Male,190.18.192.44
341,Hoyt,Sandom,hsandom9g@intel.com,Male,118.142.97.56
342,Gale,Ketchen,gketchen9h@howstuffworks.com,Male,39.51.138.164
343,Vivie,Cullinan,vcullinan9i@icq.com,Female,204.41.31.236
344,Merill,Runnalls,mrunnalls9j@blinklist.com,Male,232.97.254.46
345,Jamison,Kellegher,jkellegher9k@huffingtonpost.com,Male,76.165.37.202
346,Lesley,Pitherick,lpitherick9l@bloglovin.com,Female,30.149.99.214
347,Kipp,Hallowes,khallowes9m@cbslocal.com,Male,217.181.227.108
348,Steffi,Bromilow,sbromilow9n@cnet.com,Female,243.182.220.98
349,Marrissa,Tilsley,mtilsley9o@admin.ch,Female,97.126.251.131
350,Sonia,Dingle,sdingle9p@bravesites.com,Female,117.74.41.143
351,Adele,Fayerman,afayerman9q@engadget.com,Female,219.31.194.222
352,Kile,Bim,kbim9r@nasa.gov,Male,131.209.218.39
353,Ezekiel,Marcq,emarcq9s@pagesperso-orange.fr,Male,80.84.245.139
354,Simone,Grady,sgrady9t@usda.gov,Female,136.216.29.60
355,Myrtia,Roft,mroft9u@dropbox.com,Female,163.60.6.89
356,Lynna,Pollack,lpollack9v@bravesites.com,Female,12.33.137.160
357,Richie,Duckering,rduckering9w@hugedomains.com,Male,117.200.200.103
358,Errick,Spenley,espenley9x@cisco.com,Male,78.98.116.57
359,Jennine,Iredale,jiredale9y@fema.gov,Female,34.254.130.161
360,Rolfe,Pentecost,rpentecost9z@webs.com,Male,165.146.206.177
361,Aube,Barhems,abarhemsa0@taobao.com,Male,120.100.116.40
362,Dilan,Curnick,dcurnicka1@phpbb.com,Male,84.12.207.38
363,Robin,Arnaut,rarnauta2@amazonaws.com,Female,118.117.109.27
364,Patrizius,Pandey,ppandeya3@histats.com,Male,243.77.195.58
365,Eamon,McKillop,emckillopa4@google.co.jp,Male,224.83.115.60
366,Nahum,Lantry,nlantrya5@e-recht24.de,Male,9.116.135.13
367,Afton,Sheircliffe,asheircliffea6@google.ca,Female,38.23.56.146
368,Gabriellia,Swanson,gswansona7@boston.com,Female,236.120.93.18
369,Sybille,Tilburn,stilburna8@about.com,Female,222.43.223.158
370,Editha,Libbe,elibbea9@ebay.com,Female,182.174.118.168
371,Connie,Cancott,ccancottaa@merriam-webster.com,Male,35.220.144.81
372,Clarine,Stobbie,cstobbieab@wunderground.com,Female,232.96.40.37
373,Ceciley,Linggard,clinggardac@sogou.com,Female,233.137.189.176
374,Sadye,Girt,sgirtad@tumblr.com,Female,170.199.39.221
375,Constantin,Uttridge,cuttridgeae@sbwire.com,Male,83.109.77.164
376,Klemens,Addionizio,kaddionizioaf@oakley.com,Male,74.204.4.17
377,Tab,Stolte,tstolteag@surveymonkey.com,Male,17.21.220.62
378,Cassaundra,Saward,csawardah@myspace.com,Female,76.105.187.185
379,Malory,Winny,mwinnyai@ycombinator.com,Female,42.221.44.113
380,Darrin,Chanson,dchansonaj@g.co,Male,0.88.151.167
381,Emanuele,Wabe,ewabeak@ucsd.edu,Male,33.80.115.43
382,Kaiser,Vlach,kvlachal@comsenz.com,Male,181.137.171.111
383,Tann,McCabe,tmccabeam@netvibes.com,Male,159.113.192.241
384,Ford,Pourveer,fpourveeran@goo.gl,Male,148.78.41.155
385,Pieter,Brendeke,pbrendekeao@jalbum.net,Male,125.38.47.2
386,Jarrett,Stithe,jstitheap@youtube.com,Male,190.147.163.46
387,Bourke,Lahy,blahyaq@aboutads.info,Male,58.179.206.216
388,Bird,Harold,bharoldar@dagondesign.com,Female,253.228.74.130
389,Juliane,Giovanitti,jgiovanittias@hp.com,Female,75.7.238.114
390,Gottfried,Dowry,gdowryat@cnn.com,Male,239.31.26.159
391,Lamond,Peebles,lpeeblesau@instagram.com,Male,102.114.180.29
392,Cristian,Fraczek,cfraczekav@imgur.com,Male,152.101.238.73
393,Margo,MacAlees,mmacaleesaw@bloomberg.com,Female,238.130.240.226
394,Orazio,Frawley,ofrawleyax@princeton.edu,Male,53.47.125.113
395,Kris,Medcraft,kmedcraftay@theatlantic.com,Male,61.1.245.146
396,Jania,Poulsen,jpoulsenaz@ftc.gov,Female,109.67.18.14
397,Zia,Kemetz,zkemetzb0@cornell.edu,Female,175.178.123.136
398,Cecile,Buttfield,cbuttfieldb1@studiopress.com,Female,119.210.12.53
399,Genovera,Elsip,gelsipb2@free.fr,Female,158.121.225.236
400,Gerrard,Segrott,gsegrottb3@woothemes.com,Male,217.69.91.140
401,Pablo,Casseldine,pcasseldineb4@ask.com,Male,57.90.34.41
402,Dalila,Jedrzej,djedrzejb5@cbc.ca,Female,81.255.88.23
403,Weidar,Sturch,wsturchb6@geocities.com,Male,60.196.110.96
404,Elke,Maddams,emaddamsb7@netlog.com,Female,134.244.131.165
405,Cynde,Gunny,cgunnyb8@examiner.com,Female,107.136.45.28
406,Fred,Durnford,fdurnfordb9@wordpress.org,Male,108.53.100.148
407,Lila,Worters,lwortersba@adobe.com,Female,237.201.206.57
408,Marcela,Costelloe,mcostelloebb@reuters.com,Female,161.49.247.168
409,Erin,Blowen,eblowenbc@omniture.com,Male,162.115.183.208
410,Raleigh,Seden,rsedenbd@fotki.com,Male,34.187.224.87
411,Valeda,Howroyd,vhowroydbe@fotki.com,Female,189.121.48.248
412,Guillema,Rustidge,grustidgebf@salon.com,Female,233.171.92.161
413,Ellissa,Chape,echapebg@reference.com,Female,94.137.121.126
414,Leo,Knappen,lknappenbh@va.gov,Male,9.174.54.140
415,Donnell,Whissell,dwhissellbi@latimes.com,Male,172.159.122.171
416,Araldo,Pedron,apedronbj@guardian.co.uk,Male,172.184.120.235
417,Margarete,Frohock,mfrohockbk@walmart.com,Female,36.84.213.101
418,Carly,Stritton,cstrittonbl@technorati.com,Male,230.6.64.221
419,Benjy,Gemelli,bgemellibm@hud.gov,Male,156.219.9.16
420,Joellen,Butterley,jbutterleybn@tinyurl.com,Female,131.2.108.146
421,Sebastien,Sacchetti,ssacchettibo@hhs.gov,Male,180.177.4.197
422,Bat,Cumbridge,bcumbridgebp@free.fr,Male,44.136.251.89
423,Mel,Tebbett,mtebbettbq@amazon.com,Female,148.79.50.145
424,Romain,Ind,rindbr@theguardian.com,Male,137.51.20.242
425,Arabelle,Nano,ananobs@state.tx.us,Female,202.71.247.172
426,Loise,Smeuin,lsmeuinbt@nba.com,Female,32.184.62.105
427,Emma,Edworthy,eedworthybu@yellowpages.com,Female,218.153.251.45
428,Bond,Dumbare,bdumbarebv@cocolog-nifty.com,Male,76.45.116.98
429,Sande,Esberger,sesbergerbw@ca.gov,Female,170.231.105.190
430,Waylan,Easterfield,weasterfieldbx@cornell.edu,Male,68.185.134.71
431,Meghan,Bryce,mbryceby@uiuc.edu,Female,26.168.168.21
432,Ronna,Muffin,rmuffinbz@telegraph.co.uk,Female,172.17.118.118
433,Maximo,Itzcovich,mitzcovichc0@blogtalkradio.com,Male,161.224.69.166
434,Giacopo,Caizley,gcaizleyc1@berkeley.edu,Male,119.234.189.103
435,Livia,Pardue,lparduec2@wikia.com,Female,185.66.221.154
436,Madison,Lantiff,mlantiffc3@desdev.cn,Male,31.212.103.6
437,Roch,McDyer,rmcdyerc4@disqus.com,Female,152.195.250.30
438,Quincy,Kemston,qkemstonc5@amazon.de,Male,236.134.80.190
439,Silvano,Cattemull,scattemullc6@cdc.gov,Male,237.245.30.172
440,Leonelle,Stern,lsternc7@fastcompany.com,Female,53.139.79.12
441,Lorin,Goburn,lgoburnc8@upenn.edu,Male,22.97.71.200
442,Bail,MacGoun,bmacgounc9@fema.gov,Male,26.98.234.247
443,Urbano,Chsteney,uchsteneyca@netvibes.com,Male,134.246.75.40
444,Sherman,Murden,smurdencb@jimdo.com,Male,48.235.3.21
445,Tera,Krebs,tkrebscc@weather.com,Female,178.194.82.229
446,Robbert,Seally,rseallycd@yelp.com,Male,2.59.60.112
447,Waldo,Winspur,wwinspurce@twitter.com,Male,193.252.14.33
448,Adrienne,Fierro,afierrocf@ed.gov,Female,145.146.49.48
449,Baryram,Francello,bfrancellocg@amazon.co.uk,Male,114.45.188.131
450,Gaspar,Duck,gduckch@examiner.com,Male,186.52.25.182
451,Chanda,Wolverson,cwolversonci@wisc.edu,Female,219.201.9.69
452,Conny,Baudrey,cbaudreycj@marriott.com,Male,168.253.228.94
453,Enrico,Farryann,efarryannck@lulu.com,Male,148.143.211.85
454,Prinz,MacWilliam,pmacwilliamcl@example.com,Male,46.21.47.173
455,Marita,Treffrey,mtreffreycm@tumblr.com,Female,45.206.158.15
456,Bethina,De Micoli,bdemicolicn@blinklist.com,Female,96.110.192.133
457,Reg,Fackrell,rfackrellco@mapquest.com,Male,165.145.138.95
458,Dolly,Potier,dpotiercp@over-blog.com,Female,198.221.225.2
459,Riley,Algeo,ralgeocq@delicious.com,Male,182.171.65.175
460,Tamara,Josowitz,tjosowitzcr@qq.com,Female,42.238.67.120
461,Donna,Burwin,dburwincs@bravesites.com,Female,8.217.150.103
462,Thain,Wilmot,twilmotct@vinaora.com,Male,179.99.126.221
463,Obie,Gaitley,ogaitleycu@answers.com,Male,130.124.32.184
464,Keelby,Twidle,ktwidlecv@goo.ne.jp,Male,25.236.16.17
465,Tanner,Leverette,tleverettecw@4shared.com,Male,218.219.77.141
466,Helaina,Patrie,hpatriecx@google.ca,Female,92.18.234.234
467,Hyacinthe,Brocking,hbrockingcy@1und1.de,Female,172.136.32.130
468,Gretel,Crippes,gcrippescz@google.nl,Female,160.163.67.189
469,Corenda,Coll,ccolld0@vimeo.com,Female,75.126.13.36
470,Halie,Mangeney,hmangeneyd1@cornell.edu,Female,5.122.74.147
471,Ignaz,Silverlock,isilverlockd2@oakley.com,Male,217.59.35.130
472,Barth,Adderley,badderleyd3@netvibes.com,Male,139.100.189.167
473,Fidelio,Howsan,fhowsand4@fema.gov,Male,185.246.183.177
474,Nikolaos,Seedhouse,nseedhoused5@omniture.com,Male,14.158.27.134
475,Arny,Brinsford,abrinsfordd6@xinhuanet.com,Male,66.224.204.149
476,Huberto,Ritch,hritchd7@storify.com,Male,245.16.232.235
477,Adora,Colles,acollesd8@cnbc.com,Female,164.199.57.141
478,Norean,Pithcock,npithcockd9@sciencedirect.com,Female,13.203.246.83
479,Enrichetta,Lucian,elucianda@typepad.com,Female,156.22.119.127
480,Cheslie,Gaiford,cgaiforddb@arizona.edu,Female,5.239.142.37
481,Krysta,Cleave,kcleavedc@clickbank.net,Female,14.132.246.165
482,Moira,Rillett,mrillettdd@mashable.com,Female,10.122.156.80
483,Elka,Laight,elaightde@shop-pro.jp,Female,103.157.120.195
484,Priscella,Body,pbodydf@newyorker.com,Female,156.75.30.150
485,Rubi,Purslow,rpurslowdg@vk.com,Female,65.11.158.5
486,Nada,Eich,neichdh@nps.gov,Female,180.215.161.124
487,Florance,Jolley,fjolleydi@4shared.com,Female,167.186.33.75
488,Patrice,Sheards,psheardsdj@blinklist.com,Male,81.164.79.240
489,Skipp,Crowcroft,scrowcroftdk@wix.com,Male,144.156.185.119
490,Verene,Paskerful,vpaskerfuldl@ifeng.com,Female,142.158.42.103
491,Mina,Stranio,mstraniodm@nyu.edu,Female,174.30.53.172
492,Thorin,Snelman,tsnelmandn@amazon.co.jp,Male,167.174.110.238
493,Janela,Croson,jcrosondo@barnesandnoble.com,Female,65.43.117.6
494,Delaney,Farans,dfaransdp@oaic.gov.au,Male,16.196.181.224
495,Terri,Onions,tonionsdq@prnewswire.com,Male,54.207.37.117
496,Karolina,Olivazzi,kolivazzidr@google.com.br,Female,242.220.37.194
497,Roanna,McFetrich,rmcfetrichds@nydailynews.com,Female,146.88.0.201
498,Zeb,Clogg,zcloggdt@imageshack.us,Male,251.26.21.13
499,Moll,Witter,mwitterdu@biglobe.ne.jp,Female,20.75.73.146
500,Arron,Truman,atrumandv@msu.edu,Male,197.40.90.130
501,Estevan,Ionnisian,eionnisiandw@walmart.com,Male,170.4.29.238
502,Verina,La Croce,vlacrocedx@addthis.com,Female,187.17.112.87
503,Veriee,Stripp,vstrippdy@people.com.cn,Female,86.75.31.48
504,Bryant,Wynch,bwynchdz@biblegateway.com,Male,58.97.215.25
505,Roland,Reims,rreimse0@biglobe.ne.jp,Male,91.15.122.105
506,Meyer,Stote,mstotee1@istockphoto.com,Male,33.225.112.50
507,Melisande,Tomsu,mtomsue2@biglobe.ne.jp,Female,97.93.38.92
508,Effie,Wherton,ewhertone3@patch.com,Female,153.184.218.68
509,Sydel,Skippen,sskippene4@gnu.org,Female,186.238.160.0
510,Arturo,Elphick,aelphicke5@psu.edu,Male,117.110.126.47
511,Yuma,Humphries,yhumphriese6@sciencedirect.com,Male,112.6.244.153
512,Lance,Yo,lyoe7@huffingtonpost.com,Male,119.219.100.113
513,Jillayne,Harflete,jharfletee8@phoca.cz,Female,57.241.172.126
514,Jean,Heibl,jheible9@nih.gov,Male,19.207.116.91
515,Helene,Maliphant,hmaliphantea@gmpg.org,Female,201.169.5.198
516,Dael,Theobold,dtheoboldeb@wikimedia.org,Male,177.5.208.215
517,Rudyard,Ilem,rilemec@taobao.com,Male,141.53.225.44
518,Chrotoem,Beefon,cbeefoned@delicious.com,Male,87.59.215.120
519,Den,Maddams,dmaddamsee@icio.us,Male,101.154.194.25
520,Prescott,Fessier,pfessieref@wired.com,Male,24.222.133.67
521,Stepha,O'Kane,sokaneeg@sitemeter.com,Female,128.231.147.183
522,Bastien,McInnes,bmcinneseh@ebay.com,Male,64.12.147.80
523,Orrin,Edsall,oedsallei@microsoft.com,Male,32.28.213.50
524,Micaela,Jaques,mjaquesej@digg.com,Female,136.10.62.101
525,Sallyann,Eblein,sebleinek@scribd.com,Female,57.154.248.96
526,Adam,Inchboard,ainchboardel@dell.com,Male,28.146.224.124
527,Carma,Forlonge,cforlongeem@github.io,Female,217.7.42.252
528,Samson,Doumerque,sdoumerqueen@mapy.cz,Male,118.228.149.24
529,Dudley,Zylberdik,dzylberdikeo@deviantart.com,Male,210.72.53.109
530,Barnett,Corkett,bcorkettep@dmoz.org,Male,72.181.68.142
531,Francisca,Rays,frayseq@tmall.com,Female,112.239.177.134
532,Celestyna,Sibbering,csibberinger@php.net,Female,178.32.7.40
533,Thea,Luciano,tlucianoes@eventbrite.com,Female,30.223.187.164
534,Bendick,Hulks,bhulkset@hubpages.com,Male,249.179.241.99
535,Delano,Loader,dloadereu@microsoft.com,Male,72.122.33.177
536,Sharla,Vannozzii,svannozziiev@wiley.com,Female,243.167.221.63
537,Hanan,Bourgaize,hbourgaizeew@bloglines.com,Male,38.60.8.28
538,Lief,Olyfant,lolyfantex@unblog.fr,Male,169.157.198.197
539,Jerrilee,Coste,jcosteey@wunderground.com,Female,243.192.33.204
540,Parry,Lambert-Ciorwyn,plambertciorwynez@europa.eu,Male,135.113.136.167
541,Nathalie,Scoggans,nscoggansf0@toplist.cz,Female,219.95.86.36
542,Haven,Kenn,hkennf1@princeton.edu,Male,208.122.140.30
543,Thibaut,Patershall,tpatershallf2@tumblr.com,Male,237.122.38.228
544,Brent,Hawken,bhawkenf3@ucoz.com,Male,240.6.136.216
545,Errick,Coling,ecolingf4@uiuc.edu,Male,20.137.14.222
546,Alvie,Emma,aemmaf5@feedburner.com,Male,157.61.154.100
547,Brose,Henzer,bhenzerf6@nasa.gov,Male,236.96.167.163
548,Beale,Linnitt,blinnittf7@reddit.com,Male,249.52.194.40
549,Erina,McQuillen,emcquillenf8@1688.com,Female,198.97.191.90
550,Gerhardt,Haining,ghainingf9@plala.or.jp,Male,47.62.177.107
551,Claresta,Kort,ckortfa@theglobeandmail.com,Female,46.15.111.29
552,Alecia,Pietri,apietrifb@msu.edu,Female,170.23.99.8
553,Blithe,Mapledoore,bmapledoorefc@nsw.gov.au,Female,113.151.35.19
554,Clarance,Featherbie,cfeatherbiefd@army.mil,Male,161.56.114.176
555,Vonnie,Wallworke,vwallworkefe@omniture.com,Female,107.206.158.107
556,Crawford,Bazoge,cbazogeff@mit.edu,Male,130.124.20.89
557,Harp,Jendrys,hjendrysfg@google.es,Male,43.79.251.125
558,Geralda,Balloch,gballochfh@un.org,Female,239.159.91.211
559,Euphemia,Wyrill,ewyrillfi@redcross.org,Female,151.216.201.235
560,Lavena,Batrim,lbatrimfj@123-reg.co.uk,Female,137.219.32.46
561,Dorie,Maltman,dmaltmanfk@kickstarter.com,Male,141.229.0.166
562,Ardyce,Gatrell,agatrellfl@dropbox.com,Female,128.28.255.65
563,Noam,Pegler,npeglerfm@weather.com,Male,169.154.208.191
564,Ariel,Mark,amarkfn@mail.ru,Male,34.234.199.168
565,Nissie,Foldes,nfoldesfo@ted.com,Female,173.32.211.81
566,Diego,Breen,dbreenfp@chron.com,Male,188.88.65.20
567,Aldrich,Blazek,ablazekfq@topsy.com,Male,105.104.13.194
568,Lisha,Maggorini,lmaggorinifr@fotki.com,Female,77.147.140.79
569,Vincenz,Imlin,vimlinfs@msu.edu,Male,160.217.58.17
570,Chloette,Pooke,cpookeft@1und1.de,Female,89.236.59.213
571,Heidie,Sautter,hsautterfu@dion.ne.jp,Female,54.226.53.119
572,Felicio,Plaunch,fplaunchfv@cmu.edu,Male,249.186.120.46
573,Linus,Von Helmholtz,lvonhelmholtzfw@meetup.com,Male,97.165.60.180
574,Drusi,Berthe,dberthefx@prweb.com,Female,57.167.235.134
575,Linnell,Birley,lbirleyfy@geocities.com,Female,171.122.58.47
576,Paulo,Mingauld,pmingauldfz@posterous.com,Male,12.175.58.16
577,Juliann,Cherry,jcherryg0@noaa.gov,Female,198.29.21.238
578,Bradney,Murford,bmurfordg1@cbsnews.com,Male,15.190.74.109
579,Orelie,Boarleyson,oboarleysong2@sphinn.com,Female,70.137.48.45
580,Sileas,Loddy,sloddyg3@prnewswire.com,Female,95.255.56.68
581,Elspeth,Tubritt,etubrittg4@washington.edu,Female,63.132.170.170
582,Rosita,Evreux,revreuxg5@etsy.com,Female,240.149.241.119
583,Katey,Scallon,kscallong6@booking.com,Female,89.175.78.5
584,Maisie,Fydoe,mfydoeg7@youku.com,Female,243.59.18.203
585,Gallagher,Bould,gbouldg8@tmall.com,Male,178.78.204.34
586,Kerrin,Mersh,kmershg9@desdev.cn,Female,89.34.225.16
587,Roz,Woolston,rwoolstonga@sbwire.com,Female,38.0.7.153
588,Martin,Breming,mbreminggb@weebly.com,Male,200.62.79.136
589,Alexis,Lumbley,alumbleygc@php.net,Female,5.39.168.181
590,Dill,Malster,dmalstergd@sbwire.com,Male,104.198.163.45
591,Quint,Balas,qbalasge@eventbrite.com,Male,59.228.254.181
592,Dulcie,Ely,delygf@marriott.com,Female,163.30.37.183
593,Sylas,Souttar,ssouttargg@hostgator.com,Male,135.56.109.224
594,Cherrita,Challen,cchallengh@example.com,Female,243.35.241.156
595,Tibold,Brotherwood,tbrotherwoodgi@admin.ch,Male,8.248.142.152
596,Chev,Bugdall,cbugdallgj@nationalgeographic.com,Male,114.219.193.226
597,Maybelle,Kitley,mkitleygk@themeforest.net,Female,57.183.210.26
598,Shurlocke,Maben,smabengl@china.com.cn,Male,87.51.185.61
599,Julian,Jakucewicz,jjakucewiczgm@xrea.com,Male,114.134.100.33
600,Uri,Sloan,usloangn@columbia.edu,Male,183.48.95.218
601,Adey,Conerding,aconerdinggo@columbia.edu,Female,109.30.177.1
602,Luis,Wiffill,lwiffillgp@360.cn,Male,110.47.39.172
603,Vin,Havis,vhavisgq@spiegel.de,Female,213.215.24.118
604,Eulalie,Erie,eeriegr@scribd.com,Female,20.108.105.49
605,Lind,Stolze,lstolzegs@accuweather.com,Male,112.212.130.43
606,Jock,Keefe,jkeefegt@fotki.com,Male,172.193.34.235
607,Adoree,Litchmore,alitchmoregu@soundcloud.com,Female,8.177.7.187
608,Eba,Watmough,ewatmoughgv@gov.uk,Female,18.33.74.45
609,Iago,Boule,iboulegw@cisco.com,Male,111.228.200.220
610,Brose,Bowick,bbowickgx@samsung.com,Male,106.1.119.1
611,Vincenty,Mawhinney,vmawhinneygy@umich.edu,Male,74.176.170.239
612,Colin,Camock,ccamockgz@google.cn,Male,254.72.10.129
613,Bernie,Bisiker,bbisikerh0@printfriendly.com,Female,134.56.9.92
614,Kiel,Mohammed,kmohammedh1@reddit.com,Male,55.210.202.166
615,Chantal,Gaine,cgaineh2@state.tx.us,Female,191.31.43.217
616,Alfreda,Hegg,aheggh3@marriott.com,Female,143.51.103.227
617,Alia,Ascraft,aascrafth4@ehow.com,Female,169.127.159.220
618,Trish,Foch,tfochh5@usnews.com,Female,51.20.176.38
619,Nicholas,Blenkiron,nblenkironh6@biglobe.ne.jp,Male,129.72.109.98
620,Thorvald,Bridgwood,tbridgwoodh7@cyberchimps.com,Male,10.143.98.121
621,Jennee,Teas,jteash8@mediafire.com,Female,9.37.236.74
622,Jacinta,Swinburne,jswinburneh9@rambler.ru,Female,24.38.47.133
623,Ezechiel,MacRanald,emacranaldha@cloudflare.com,Male,22.181.16.23
624,Bernie,Phelipeaux,bphelipeauxhb@exblog.jp,Female,196.59.14.219
625,Staci,Goldspink,sgoldspinkhc@omniture.com,Female,43.23.253.235
626,Hughie,O'Crevan,hocrevanhd@baidu.com,Male,221.94.40.163
627,Friedrich,Rowett,frowetthe@army.mil,Male,22.151.104.138
628,Edin,Spyer,espyerhf@digg.com,Female,51.59.220.187
629,Laina,Podmore,lpodmorehg@unesco.org,Female,118.229.42.20
630,Helena,Bartolacci,hbartolaccihh@nydailynews.com,Female,37.251.173.3
631,Yolane,Braddock,ybraddockhi@webs.com,Female,192.196.49.42
632,Carole,McGrudder,cmcgrudderhj@bloglovin.com,Female,80.243.249.108
633,Mozes,Edgecombe,medgecombehk@google.cn,Male,204.111.140.2
634,Lucinda,Olivie,loliviehl@globo.com,Female,27.119.97.212
635,Ora,Feitosa,ofeitosahm@woothemes.com,Female,144.86.220.167
636,Theadora,Dunwoody,tdunwoodyhn@studiopress.com,Female,111.221.204.197
637,Fabiano,Harmston,fharmstonho@whitehouse.gov,Male,51.35.141.124
638,Stephan,Kitcat,skitcathp@symantec.com,Male,30.207.172.33
639,Wallache,Lyddiard,wlyddiardhq@e-recht24.de,Male,149.177.54.159
640,John,Huckin,jhuckinhr@sciencedaily.com,Male,236.142.41.51
641,Frederico,Anfonsi,fanfonsihs@nasa.gov,Male,208.126.244.147
642,Randall,Bellenger,rbellengerht@google.co.uk,Male,194.124.85.105
643,Wyatan,Kingsman,wkingsmanhu@purevolume.com,Male,128.90.237.46
644,Mart,Tremblet,mtremblethv@posterous.com,Male,147.79.124.157
645,Casey,Dacre,cdacrehw@paginegialle.it,Female,234.124.155.83
646,Rancell,Burbridge,rburbridgehx@unesco.org,Male,229.17.178.30
647,Cornie,Portingale,cportingalehy@tripod.com,Male,49.189.22.236
648,Eddy,Norledge,enorledgehz@feedburner.com,Male,62.145.227.69
649,Janith,Fried,jfriedi0@squidoo.com,Female,18.217.238.179
650,Mervin,Thominga,mthomingai1@soup.io,Male,185.142.245.155
651,Mignon,Fewings,mfewingsi2@latimes.com,Female,123.234.243.147
652,Marney,Rapkins,mrapkinsi3@blogspot.com,Female,188.193.165.30
653,Neddie,Rosenstein,nrosensteini4@webnode.com,Male,88.201.191.152
654,Sean,Castles,scastlesi5@unc.edu,Female,134.70.219.75
655,Rees,Josipovic,rjosipovici6@fc2.com,Male,29.12.74.62
656,Ronnica,Hainning,rhainningi7@usnews.com,Female,91.4.29.112
657,Adda,Dever,adeveri8@miibeian.gov.cn,Female,99.246.204.196
658,Josephine,Smallcomb,jsmallcombi9@zimbio.com,Female,76.213.96.210
659,Abrahan,Pighills,apighillsia@gmpg.org,Male,136.84.198.180
660,Devin,Impy,dimpyib@soup.io,Male,223.88.182.219
661,El,Serrier,eserrieric@yelp.com,Male,121.130.127.59
662,Tanitansy,Griggs,tgriggsid@parallels.com,Female,12.172.161.66
663,Duke,Gogarty,dgogartyie@biblegateway.com,Male,57.173.105.230
664,Tabor,LeEstut,tleestutif@about.com,Male,122.203.123.61
665,Cortie,Kollaschek,ckollaschekig@ox.ac.uk,Male,164.145.151.174
666,Aila,Marcus,amarcusih@prweb.com,Female,236.16.132.249
667,Stoddard,Kield,skieldii@xinhuanet.com,Female,248.53.144.143
668,Eunice,Calwell,ecalwellij@gmpg.org,Female,174.193.73.186
669,Darrel,Hanigan,dhaniganik@paginegialle.it,Male,95.89.135.177
670,Onida,Bosse,obosseil@wikispaces.com,Female,94.193.90.62
671,Solly,Hodcroft,shodcroftim@google.com,Male,194.95.163.28
672,Brittne,Kennsley,bkennsleyin@who.int,Female,164.171.42.86
673,Alvira,Tossell,atossellio@myspace.com,Female,137.92.188.246
674,Em,Cantillon,ecantillonip@businesswire.com,Male,93.224.19.159
675,Carlo,Castella,ccastellaiq@over-blog.com,Male,148.55.14.240
676,Chalmers,Grishanov,cgrishanovir@ebay.com,Male,112.61.3.177
677,Boot,Carrel,bcarrelis@alexa.com,Male,232.48.105.24
678,Marys,Gillet,mgilletit@dedecms.com,Female,198.108.143.174
679,Ulla,Kennard,ukennardiu@canalblog.com,Female,173.169.73.107
680,Angel,Wheeldon,awheeldoniv@usgs.gov,Male,12.136.141.85
681,Harlene,Mulvenna,hmulvennaiw@jiathis.com,Female,132.61.51.214
682,Hobart,Breeze,hbreezeix@myspace.com,Male,127.39.27.125
683,Nady,Grimwood,ngrimwoodiy@blog.com,Female,217.172.235.178
684,Carlin,Levet,clevetiz@sphinn.com,Male,40.186.21.125
685,Jay,Rodder,jrodderj0@dot.gov,Male,142.203.129.104
686,Leroy,Bartoli,lbartolij1@istockphoto.com,Male,69.253.21.198
687,Gaynor,Foskew,gfoskewj2@usa.gov,Female,49.105.235.33
688,Amandy,Brose,abrosej3@stanford.edu,Female,228.95.128.87
689,Alejandra,Nelson,anelsonj4@addthis.com,Female,146.222.56.67
690,Melloney,Johantges,mjohantgesj5@fotki.com,Female,132.89.177.243
691,Gwenora,Gingell,ggingellj6@cisco.com,Female,140.142.121.167
692,Lyn,Cecchi,lcecchij7@infoseek.co.jp,Female,188.164.3.31
693,Puff,Youings,pyouingsj8@ehow.com,Male,207.183.131.183
694,Dosi,Motherwell,dmotherwellj9@thetimes.co.uk,Female,75.253.216.231
695,Constancy,Lammie,clammieja@nsw.gov.au,Female,124.178.229.72
696,Claribel,Ekell,cekelljb@pcworld.com,Female,33.114.208.71
697,Kacy,Guillot,kguillotjc@ask.com,Female,57.22.93.83
698,Caron,Barnsdale,cbarnsdalejd@photobucket.com,Female,143.164.38.194
699,Jefferey,Axcell,jaxcellje@amazon.de,Male,235.254.163.116
700,Jaime,Winfrey,jwinfreyjf@theglobeandmail.com,Female,59.171.136.254
701,Christy,Posner,cposnerjg@bloglovin.com,Male,87.207.155.134
702,Randolf,Phayre,rphayrejh@nba.com,Male,214.245.48.219
703,Netti,Kervin,nkervinji@free.fr,Female,129.123.255.75
704,Jareb,Carling,jcarlingjj@dell.com,Male,72.61.182.156
705,Cord,Thiem,cthiemjk@eventbrite.com,Male,231.30.181.195
706,Had,Gero,hgerojl@dyndns.org,Male,125.172.226.196
707,Bernie,Bodley,bbodleyjm@umich.edu,Male,139.166.27.147
708,Amble,Maskill,amaskilljn@indiatimes.com,Male,254.126.171.153
709,Ashely,Moncarr,amoncarrjo@nbcnews.com,Female,70.40.228.224
710,Ciro,Corns,ccornsjp@etsy.com,Male,91.115.186.219
711,Holden,Fanton,hfantonjq@indiegogo.com,Male,204.71.30.207
712,Della,Lawrie,dlawriejr@phoca.cz,Female,17.191.53.177
713,Hershel,Calfe,hcalfejs@vinaora.com,Male,99.201.135.61
714,Eb,Feetham,efeethamjt@addtoany.com,Male,8.215.12.72
715,Carol-jean,Kneaphsey,ckneaphseyju@phpbb.com,Female,23.105.150.215
716,Hillyer,Wallace,hwallacejv@yandex.ru,Male,166.107.123.192
717,Virgina,Ferrucci,vferruccijw@globo.com,Female,181.170.100.45
718,Sabina,Gisburn,sgisburnjx@accuweather.com,Female,165.129.255.95
719,Julius,Bain,jbainjy@globo.com,Male,234.237.46.189
720,Karna,Bleakley,kbleakleyjz@mozilla.org,Female,77.221.159.207
721,Kevan,Diem,kdiemk0@indiatimes.com,Male,13.168.194.160
722,Chaddie,Bentzen,cbentzenk1@tinypic.com,Male,16.205.252.24
723,Consuelo,Joliffe,cjoliffek2@163.com,Female,82.202.239.212
724,Ninnette,Morgon,nmorgonk3@house.gov,Female,74.78.77.55
725,Antons,Camden,acamdenk4@shareasale.com,Male,224.3.213.19
726,Locke,Horrigan,lhorrigank5@merriam-webster.com,Male,111.28.34.135
727,Robena,Mildmott,rmildmottk6@shutterfly.com,Female,156.208.119.242
728,Sallee,Durdy,sdurdyk7@indiegogo.com,Female,74.46.217.190
729,Eleanor,Dunnet,edunnetk8@twitter.com,Female,50.16.141.134
730,Linell,Hardes,lhardesk9@ycombinator.com,Female,69.232.197.39
731,George,Caccavari,gcaccavarika@squarespace.com,Female,12.173.39.138
732,Sancho,Baudins,sbaudinskb@dailymail.co.uk,Male,42.246.22.57
733,Ladonna,Castagnone,lcastagnonekc@skyrock.com,Female,77.37.62.88
734,Alyss,Kiddy,akiddykd@jiathis.com,Female,242.108.158.73
735,Sioux,Rembrandt,srembrandtke@example.com,Female,131.102.2.41
736,Gerrard,Elloit,gelloitkf@nhs.uk,Male,100.97.183.129
737,Andee,Slocum,aslocumkg@answers.com,Female,143.127.174.104
738,Levi,Townley,ltownleykh@eepurl.com,Male,164.167.146.170
739,Glennis,Gillogley,ggillogleyki@theatlantic.com,Female,30.79.135.41
740,Jud,Dryden,jdrydenkj@illinois.edu,Male,3.51.29.227
741,Roi,Kendall,rkendallkk@people.com.cn,Male,135.166.144.118
742,Selma,Kendrew,skendrewkl@parallels.com,Female,38.93.71.79
743,Gasparo,Kobpal,gkobpalkm@51.la,Male,190.222.190.199
744,Curtis,Mulheron,cmulheronkn@wufoo.com,Male,241.161.70.64
745,Bunny,Kittley,bkittleyko@goodreads.com,Female,93.141.125.176
746,Dulcea,Cancellario,dcancellariokp@noaa.gov,Female,153.245.67.157
747,Baxter,Grouse,bgrousekq@aboutads.info,Male,98.41.59.226
748,Elia,McNirlan,emcnirlankr@friendfeed.com,Male,53.83.124.13
749,Katalin,Gamblin,kgamblinks@hp.com,Female,212.55.96.227
750,Giorgia,Quaif,gquaifkt@census.gov,Female,179.248.194.35
751,Vidovik,Chatters,vchattersku@amazon.co.jp,Male,65.24.119.103
752,Rory,Goldine,rgoldinekv@cocolog-nifty.com,Female,11.209.183.224
753,Rollie,Linham,rlinhamkw@fastcompany.com,Male,166.172.212.202
754,Kaile,Brodeur,kbrodeurkx@weebly.com,Female,71.51.182.66
755,Averell,Frie,afrieky@hubpages.com,Male,238.128.176.218
756,Evelyn,McKenney,emckenneykz@blogspot.com,Female,101.64.175.235
757,Olivia,Greenlies,ogreenliesl0@nba.com,Female,89.251.161.163
758,Debi,Cattlow,dcattlowl1@netvibes.com,Female,136.116.221.100
759,Selie,Butrimovich,sbutrimovichl2@hud.gov,Female,231.89.92.85
760,Johnette,Tweedell,jtweedelll3@forbes.com,Female,129.163.45.53
761,Leesa,Sissel,lsissell4@utexas.edu,Female,255.102.235.73
762,Annabel,Cockland,acocklandl5@virginia.edu,Female,177.136.245.231
763,Audy,Moulsdall,amoulsdalll6@unesco.org,Female,183.27.235.236
764,Pat,Lansly,planslyl7@meetup.com,Female,98.83.29.136
765,Andrei,Quenby,aquenbyl8@jigsy.com,Female,146.79.27.20
766,Chancey,Alejo,calejol9@earthlink.net,Male,189.3.186.151
767,Billie,Langsbury,blangsburyla@google.com,Female,56.105.189.226
768,Alyssa,Izzard,aizzardlb@lycos.com,Female,125.31.10.37
769,Rafaello,Harcourt,rharcourtlc@squarespace.com,Male,6.16.144.33
770,Nadeen,Randall,nrandallld@twitpic.com,Female,85.139.171.204
771,Birch,Edgerly,bedgerlyle@geocities.jp,Male,19.122.29.23
772,Robert,Gricks,rgrickslf@buzzfeed.com,Male,170.2.245.173
773,Elmer,Bahike,ebahikelg@amazon.co.uk,Male,116.101.163.134
774,Penelope,Milstead,pmilsteadlh@freewebs.com,Female,18.85.232.200
775,Alfy,Placide,aplacideli@wired.com,Male,54.108.107.220
776,Rana,Brach,rbrachlj@cornell.edu,Female,69.17.185.194
777,Reagen,Kerridge,rkerridgelk@furl.net,Male,122.129.199.48
778,Sammy,Careless,scarelessll@nps.gov,Male,125.100.191.20
779,Smith,Franklin,sfranklinlm@t.co,Male,238.242.140.120
780,Zacharia,Kordes,zkordesln@globo.com,Male,98.226.131.136
781,Tristan,Bowsher,tbowsherlo@umn.edu,Male,99.31.106.65
782,Greggory,Ossipenko,gossipenkolp@sciencedaily.com,Male,43.130.165.71
783,Trish,Ohrtmann,tohrtmannlq@redcross.org,Female,62.83.226.188
784,Hymie,Walbridge,hwalbridgelr@google.com,Male,199.192.88.103
785,Josie,Blissett,jblissettls@apple.com,Female,61.252.242.172
786,Stearne,Proske,sproskelt@blogs.com,Male,52.64.185.199
787,Waverly,Welden,wweldenlu@harvard.edu,Male,236.234.91.38
788,Aliza,Brinded,abrindedlv@simplemachines.org,Female,73.202.186.172
789,Danya,Dymick,ddymicklw@live.com,Male,19.70.118.81
790,Zebulon,McAlister,zmcalisterlx@berkeley.edu,Male,131.69.41.84
791,Carmelia,Critchell,ccritchellly@ehow.com,Female,157.133.36.122
792,Laural,Reneke,lrenekelz@google.com.hk,Female,13.244.32.245
793,Barclay,Toffano,btoffanom0@flavors.me,Male,73.232.220.236
794,Farlee,Apple,fapplem1@tamu.edu,Male,122.25.118.114
795,Garfield,Fairweather,gfairweatherm2@msu.edu,Male,94.147.120.75
796,Max,Ilyunin,milyuninm3@ning.com,Female,99.128.236.146
797,Rusty,March,rmarchm4@nps.gov,Male,77.155.234.194
798,Joyan,Reddlesden,jreddlesdenm5@mapy.cz,Female,71.232.31.108
799,Ralph,Ferraron,rferraronm6@dropbox.com,Male,71.20.118.205
800,Earvin,Gilhouley,egilhouleym7@godaddy.com,Male,183.200.243.189
801,Rea,Blackey,rblackeym8@spiegel.de,Female,6.60.208.251
802,Walden,Cotman,wcotmanm9@4shared.com,Male,201.84.111.161
803,Magdalen,Tindall,mtindallma@eepurl.com,Female,69.117.120.252
804,Stormie,Bras,sbrasmb@jugem.jp,Female,52.8.54.210
805,Olivier,Balazot,obalazotmc@issuu.com,Male,4.140.36.244
806,Marilyn,Skakunas,mskakunasmd@netvibes.com,Female,175.243.78.195
807,Winn,Renfree,wrenfreeme@aboutads.info,Male,117.199.60.100
808,Paulette,Slyne,pslynemf@msu.edu,Female,58.170.129.102
809,Olive,McGrorty,omcgrortymg@over-blog.com,Female,109.189.66.69
810,Scotty,Easman,seasmanmh@arizona.edu,Male,44.94.222.191
811,Garvin,Burdett,gburdettmi@over-blog.com,Male,51.127.89.74
812,Norma,Tabour,ntabourmj@drupal.org,Female,104.168.68.6
813,Brit,Broadhurst,bbroadhurstmk@china.com.cn,Male,22.110.39.8
814,Danie,Halls,dhallsml@webnode.com,Male,63.234.231.234
815,Candi,Valsler,cvalslermm@auda.org.au,Female,43.111.204.174
816,Hayward,Browell,hbrowellmn@blogs.com,Male,23.42.104.234
817,Nissa,Dannehl,ndannehlmo@google.co.jp,Female,140.10.40.244
818,Geneva,Orrum,gorrummp@dyndns.org,Female,57.192.237.197
819,Penelopa,Gronowe,pgronowemq@google.pl,Female,155.168.186.137
820,Livia,Sambath,lsambathmr@xinhuanet.com,Female,202.75.66.142
821,Anthony,McKniely,amcknielyms@nationalgeographic.com,Male,170.57.195.0
822,Tansy,Nehl,tnehlmt@joomla.org,Female,183.129.189.84
823,Fleming,Bycraft,fbycraftmu@people.com.cn,Male,216.85.86.89
824,Darwin,Bartle,dbartlemv@eventbrite.com,Male,205.56.104.20
825,Fonsie,Critch,fcritchmw@dailymail.co.uk,Male,217.184.152.63
826,Garold,Fallowes,gfallowesmx@hibu.com,Male,2.255.240.8
827,Vance,Ales0,valesmy@facebook.com,Male,191.14.57.1
828,Jasmine,Hearle,jhearlemz@soundcloud.com,Female,199.137.27.169
829,Cindee,MacPhaden,cmacphadenn0@e-recht24.de,Female,87.27.236.11
830,Stephine,Picot,spicotn1@google.com,Female,176.215.227.175
831,Hana,Bonsall,hbonsalln2@dmoz.org,Female,223.250.132.94
832,Rosco,Scartifield,rscartifieldn3@jimdo.com,Male,180.182.6.73
833,Donia,Gibbe,dgibben4@netvibes.com,Female,251.2.28.3
834,Atlanta,Carruth,acarruthn5@hp.com,Female,207.246.177.191
835,Patsy,Bly,pblyn6@sciencedaily.com,Female,59.93.213.194
836,Ikey,Juggings,ijuggingsn7@istockphoto.com,Male,157.147.79.175
837,Hamlen,Jandel,hjandeln8@newyorker.com,Male,40.82.107.71
838,Alina,McKeurton,amckeurtonn9@webs.com,Female,235.92.225.167
839,Ailyn,Arrol,aarrolna@bandcamp.com,Female,48.204.3.22
840,Tommy,Bartley,tbartleynb@wikispaces.com,Female,177.41.36.201
841,Georgie,Wadforth,gwadforthnc@flavors.me,Male,131.55.45.48
842,Stanton,Garlett,sgarlettnd@cisco.com,Male,42.56.122.145
843,Roxie,Olpin,rolpinne@howstuffworks.com,Female,201.91.104.0
844,Silva,Bullon,sbullonnf@google.com.hk,Female,36.134.32.191
845,Timothea,Fairall,tfairallng@china.com.cn,Female,162.166.88.189
846,Lorelei,Simmgen,lsimmgennh@theglobeandmail.com,Female,85.232.190.160
847,Gaston,Belden,gbeldenni@unc.edu,Male,103.248.18.65
848,Jehanna,Squibbes,jsquibbesnj@nifty.com,Female,6.6.254.215
849,Derby,Kolak,dkolaknk@goodreads.com,Male,228.77.145.137
850,Welby,Howett,whowettnl@sfgate.com,Male,124.128.39.142
851,Langsdon,Pietroni,lpietroninm@shutterfly.com,Male,196.180.220.56
852,Mord,Hedderly,mhedderlynn@ucoz.com,Male,181.249.51.24
853,Lind,Elsmore,lelsmoreno@mtv.com,Female,196.92.77.179
854,Bjorn,Fullwood,bfullwoodnp@webmd.com,Male,64.11.154.190
855,Evita,Suarez,esuareznq@yolasite.com,Female,178.194.29.158
856,Donnie,Monsey,dmonseynr@bloglovin.com,Female,49.133.63.73
857,Ara,Panas,apanasns@pen.io,Female,3.136.156.91
858,Dalenna,Vedeniktov,dvedeniktovnt@goo.ne.jp,Female,59.9.56.167
859,Cherilynn,Panas,cpanasnu@so-net.ne.jp,Female,70.201.39.149
860,Charla,Cleminson,ccleminsonnv@zimbio.com,Female,96.172.148.132
861,Zach,Muckeen,zmuckeennw@amazon.com,Male,80.90.218.95
862,Edik,Ruegg,erueggnx@nature.com,Male,212.127.153.50
863,Keven,O' Dornan,kodornanny@naver.com,Male,220.101.154.208
864,Hollyanne,Bergeau,hbergeaunz@princeton.edu,Female,21.206.27.28
865,Candide,Vardie,cvardieo0@nature.com,Female,247.168.109.133
866,Yehudit,Bris,ybriso1@moonfruit.com,Male,27.127.147.61
867,Kathryne,Dreelan,kdreelano2@godaddy.com,Female,194.130.77.206
868,Hernando,MacCurtain,hmaccurtaino3@cnbc.com,Male,233.31.113.253
869,Ferguson,Belcham,fbelchamo4@gizmodo.com,Male,8.195.135.209
870,Alix,Wotton,awottono5@berkeley.edu,Female,167.52.208.243
871,Ax,Cotesford,acotesfordo6@dedecms.com,Male,114.191.145.218
872,Edan,Chappelle,echappelleo7@yahoo.co.jp,Male,100.166.150.148
873,Boyce,Baudone,bbaudoneo8@thetimes.co.uk,Male,126.4.62.246
874,Tammara,Lammenga,tlammengao9@mapquest.com,Female,169.122.14.1
875,Broddie,Vibert,bvibertoa@infoseek.co.jp,Male,246.237.43.244
876,Verna,Crinage,vcrinageob@ifeng.com,Female,195.230.7.24
877,Biddy,Mingus,bmingusoc@privacy.gov.au,Female,27.190.32.195
878,Sherill,Yate,syateod@tamu.edu,Female,33.232.169.53
879,Sven,Gillfillan,sgillfillanoe@netlog.com,Male,162.155.5.98
880,Brendis,Gaspero,bgasperoof@ifeng.com,Male,168.211.183.142
881,Dieter,Ledford,dledfordog@infoseek.co.jp,Male,144.94.241.196
882,Blaire,Schellig,bschelligoh@cmu.edu,Female,183.122.255.0
883,Florentia,Covington,fcovingtonoi@hud.gov,Female,96.221.90.115
884,Burton,Abotson,babotsonoj@addthis.com,Male,30.255.38.240
885,Randy,Reynard,rreynardok@twitter.com,Male,111.73.207.12
886,Nelly,Ghidetti,nghidettiol@shutterfly.com,Female,32.41.66.61
887,Carmine,Jeays,cjeaysom@hc360.com,Male,211.95.100.167
888,Jourdain,Ivashintsov,jivashintsovon@w3.org,Male,216.112.238.138
889,Domenic,Philliskirk,dphilliskirkoo@europa.eu,Male,86.229.188.199
890,Simeon,Steeples,ssteeplesop@sina.com.cn,Male,139.218.105.239
891,Sauveur,Sherebrook,ssherebrookoq@furl.net,Male,167.30.17.202
892,Gaelan,Rigts,grigtsor@weebly.com,Male,237.120.107.72
893,Clarke,Gonzalo,cgonzaloos@go.com,Male,211.93.216.243
894,Burt,Webborn,bwebbornot@craigslist.org,Male,89.164.158.27
895,Sidnee,Mylchreest,smylchreestou@tuttocitta.it,Male,212.209.166.82
896,Zacharias,Braffington,zbraffingtonov@hubpages.com,Male,77.17.179.247
897,Mariejeanne,Ryles,mrylesow@wired.com,Female,176.250.255.81
898,Livia,Livesley,llivesleyox@reference.com,Female,3.65.252.12
899,Janos,Klimmek,jklimmekoy@github.com,Male,45.10.36.103
900,Meier,Goman,mgomanoz@is.gd,Male,144.211.254.91
901,Devonne,Piell,dpiellp0@fc2.com,Female,245.27.40.239
902,Frasquito,Manske,fmanskep1@slashdot.org,Male,59.13.40.64
903,Fredrick,Currer,fcurrerp2@topsy.com,Male,120.182.229.16
904,Arline,MacAllan,amacallanp3@cam.ac.uk,Female,107.45.211.84
905,Alyson,Flancinbaum,aflancinbaump4@ftc.gov,Female,183.45.214.60
906,Laurent,Buckeridge,lbuckeridgep5@yolasite.com,Male,97.127.232.212
907,Lyman,Adnams,ladnamsp6@engadget.com,Male,243.113.181.229
908,Melesa,O'Dogherty,modoghertyp7@friendfeed.com,Female,76.253.33.255
909,Roanne,O'Farris,rofarrisp8@parallels.com,Female,190.106.80.205
910,Melodee,Simmance,msimmancep9@twitpic.com,Female,85.105.206.45
911,Joice,Matignon,jmatignonpa@etsy.com,Female,56.194.168.125
912,Chad,Beretta,cberettapb@theatlantic.com,Male,82.175.231.41
913,Johannes,Jevon,jjevonpc@com.com,Male,243.230.228.177
914,Dollie,Geleman,dgelemanpd@hatena.ne.jp,Female,20.5.92.187
915,Eugenius,d'Escoffier,edescoffierpe@si.edu,Male,67.111.132.9
916,Caspar,Eppson,ceppsonpf@businessinsider.com,Male,113.22.139.57
917,Gibby,Inns,ginnspg@163.com,Male,11.159.70.224
918,Davie,Febvre,dfebvreph@example.com,Male,2.217.195.76
919,Rudd,Coward,rcowardpi@privacy.gov.au,Male,79.109.180.207
920,Franklin,Edgars,fedgarspj@xinhuanet.com,Male,109.148.140.23
921,Abigale,Kibby,akibbypk@meetup.com,Female,192.222.77.222
922,Ray,Dagless,rdaglesspl@pcworld.com,Male,111.20.145.247
923,Kit,Marzellano,kmarzellanopm@imgur.com,Male,61.199.174.85
924,Charmane,McDade,cmcdadepn@livejournal.com,Female,232.226.21.62
925,Rodina,Tosdevin,rtosdevinpo@artisteer.com,Female,36.116.45.185
926,Weylin,Bradford,wbradfordpp@addtoany.com,Male,218.149.233.182
927,Norina,Broddle,nbroddlepq@blinklist.com,Female,36.126.211.124
928,Palm,Wride,pwridepr@slideshare.net,Male,58.189.60.43
929,Olag,Basden,obasdenps@google.es,Male,81.160.80.72
930,Calley,Wedgbrow,cwedgbrowpt@google.ca,Female,215.70.167.141
931,Court,Skellington,cskellingtonpu@google.de,Male,200.137.74.24
932,Rutherford,Gontier,rgontierpv@ox.ac.uk,Male,26.50.102.137
933,Sheela,Garnar,sgarnarpw@networkadvertising.org,Female,129.249.184.53
934,Marie-jeanne,Sherrett,msherrettpx@toplist.cz,Female,208.222.221.226
935,Birgit,Isenor,bisenorpy@wiley.com,Female,134.37.179.190
936,Ignatius,Gori,igoripz@dailymotion.com,Male,84.169.168.62
937,Shawnee,Gonnin,sgonninq0@theglobeandmail.com,Female,168.48.213.79
938,Kendell,Stannard,kstannardq1@typepad.com,Male,136.77.139.67
939,Louisette,Burbury,lburburyq2@jigsy.com,Female,142.23.39.32
940,Rosalinda,Gutsell,rgutsellq3@spiegel.de,Female,117.231.144.127
941,Constancia,MacCostye,cmaccostyeq4@patch.com,Female,98.220.199.95
942,Cesya,Cattanach,ccattanachq5@sakura.ne.jp,Female,27.232.173.127
943,Marielle,Henbury,mhenburyq6@google.cn,Female,245.225.42.75
944,Kevon,Etteridge,ketteridgeq7@creativecommons.org,Male,5.227.36.220
945,Regan,Peplaw,rpeplawq8@topsy.com,Female,37.55.14.123
946,Elwood,Blackborne,eblackborneq9@ucla.edu,Male,163.109.64.153
947,Mickie,Barg,mbargqa@deviantart.com,Female,230.21.158.200
948,Goraud,Alenichev,galenichevqb@soup.io,Male,213.128.42.251
949,Ravid,Legges,rleggesqc@globo.com,Male,20.117.135.64
950,Hastings,Giampietro,hgiampietroqd@noaa.gov,Male,24.52.224.164
951,Melinde,Cana,mcanaqe@sciencedirect.com,Female,32.75.184.35
952,Pip,Brane,pbraneqf@about.com,Male,64.155.117.185
953,Sharai,Waudby,swaudbyqg@163.com,Female,112.37.34.72
954,Ainslie,Shelmardine,ashelmardineqh@ifeng.com,Female,33.126.178.188
955,Trish,Hele,theleqi@vkontakte.ru,Female,73.71.76.36
956,Allina,Denekamp,adenekampqj@cyberchimps.com,Female,76.153.5.165
957,Gregg,Churchlow,gchurchlowqk@unblog.fr,Male,54.111.104.144
958,Reuven,Swanson,rswansonql@timesonline.co.uk,Male,30.158.55.60
959,Iorgos,Lillie,ilillieqm@cbsnews.com,Male,122.150.179.240
960,Javier,Hillin,jhillinqn@disqus.com,Male,254.252.134.209
961,Artie,Innes,ainnesqo@intel.com,Male,171.217.199.162
962,Osmund,Brauninger,obrauningerqp@woothemes.com,Male,178.255.179.49
963,Cully,Beminster,cbeminsterqq@telegraph.co.uk,Male,141.199.16.149
964,Sammy,Johns,sjohnsqr@spotify.com,Male,42.151.164.117
965,Heath,Wills,hwillsqs@nps.gov,Male,180.138.112.47
966,Redford,Jenks,rjenksqt@google.fr,Male,184.149.45.94
967,Salomone,Singyard,ssingyardqu@intel.com,Male,130.210.178.169
968,Rorie,Liebermann,rliebermannqv@paginegialle.it,Female,6.140.151.76
969,Antone,Barthelet,abartheletqw@hatena.ne.jp,Male,194.158.116.119
970,Natala,Bruckenthal,nbruckenthalqx@51.la,Female,1.82.7.156
971,Miles,Romushkin,mromushkinqy@topsy.com,Male,235.0.165.10
972,Hagen,Scamaden,hscamadenqz@ow.ly,Male,141.209.237.62
973,Otho,Abeau,oabeaur0@godaddy.com,Male,119.68.107.204
974,Eugenie,Farenden,efarendenr1@ibm.com,Female,168.216.140.55
975,Aksel,Shopcott,ashopcottr2@google.ca,Male,93.253.112.115
976,Howie,Whitehair,hwhitehairr3@microsoft.com,Male,255.167.38.202
977,Sibby,Syddon,ssyddonr4@accuweather.com,Female,59.177.10.6
978,Errick,Ghest,eghestr5@cargocollective.com,Male,127.194.197.4
979,Brandy,Hawthorne,bhawthorner6@economist.com,Male,182.46.22.117
980,Carmine,Concannon,cconcannonr7@ebay.co.uk,Female,157.204.173.237
981,Sam,Quantick,squantickr8@vimeo.com,Male,140.114.113.185
982,Kristy,Rodie,krodier9@accuweather.com,Female,170.88.182.5
983,Karissa,Durtnel,kdurtnelra@squarespace.com,Female,60.75.31.142
984,Alvie,Blasius,ablasiusrb@live.com,Male,74.68.198.189
985,Clemmie,Gerram,cgerramrc@desdev.cn,Male,153.129.228.100
986,Christiane,Beswell,cbeswellrd@prweb.com,Female,244.254.164.146
987,Lydon,Barrell,lbarrellre@newsvine.com,Male,30.142.42.150
988,Rubi,Asey,raseyrf@amazon.de,Female,232.173.251.147
989,Maribelle,Stilliard,mstilliardrg@opensource.org,Female,202.201.107.201
990,Zondra,Winterscale,zwinterscalerh@pcworld.com,Female,19.245.140.232
991,Rab,Pickance,rpickanceri@seattletimes.com,Male,124.48.70.65
992,Zared,Erdis,zerdisrj@chron.com,Male,160.75.102.122
993,Paddy,Trassler,ptrasslerrk@wisc.edu,Male,199.84.10.9
994,Nikolaos,Teodori,nteodorirl@sbwire.com,Male,18.183.174.112
995,Auberon,Cleen,acleenrm@bbb.org,Male,242.254.110.132
996,Martainn,Barhams,mbarhamsrn@google.co.jp,Male,97.47.186.146
997,Elna,Waplinton,ewaplintonro@wiley.com,Female,30.92.74.152
998,Debi,Manz,dmanzrp@abc.net.au,Female,108.62.146.177
999,Niki,Gypson,ngypsonrq@skyrock.com,Male,138.98.99.244
1000,Jemmie,Durgan,jdurganrr@wikimedia.org,Female,99.62.138.177
